流水號,國字,審定音一,審定音二,審定音三,審定音四,審定音五,審定音六
1,丁,ㄉ丨ㄥ,,,,,
2,三,ㄙㄢ,,,,,
3,上,ㄕㄤˇ,ㄕㄤˋ,,,,
4,万,ㄇㄛˋ,ㄨㄢˋ ,,,,
5,不,ㄅㄨˋ,ㄈㄡ,ㄈㄨ,,,
6,且,ㄑ丨ㄝˇ,,,,,
7,並,ㄅ丨ㄥˋ,,,,,
8,中,ㄓㄨㄥ,ㄓㄨㄥˋ,,,,
9,乎,ㄏㄨ,,,,,
10,乘,ㄔㄥˊ,ㄕㄥˋ,,,,
11,九,ㄐ丨ㄡˇ,,,,,
12,乞,ㄑ丨ˇ,,,,,
13,乾,ㄍㄢ,ㄑ丨ㄢˊ,,,,
14,了,˙ㄌㄜ,ㄌ丨ㄠˇ,,,,
15,予,ㄩˊ,ㄩˇ,,,,
16,事,ㄕˋ,,,,,
17,于,ㄩˊ,,,,,
18,亙,ㄍㄣˋ,,,,,
19,些,ㄒ丨ㄝ,ㄙㄨㄛˋ,ㄙㄨㄛ,,,
20,亞,丨ㄚˋ,,,,,
21,亟,ㄐ丨ˊ,ㄑ丨ˋ,,,,
22,亡,ㄨㄤˊ,,,,,
23,亢,ㄍㄤ,ㄎㄤˋ ,,,,
24,亨,ㄏㄥ,,,,,
25,京,ㄐ丨ㄥ,,,,,
26,亮,ㄌ丨ㄤˋ,,,,,
27,什,ㄕˊ,ㄕㄣˊ,,,,
28,仆,ㄆㄨ,ㄆㄨˊ,,,,
29,仇,ㄑ丨ㄡˊ,ㄔㄡˊ,,,,
30,介,ㄐ丨ㄝˋ,,,,,
31,仔,ㄗˇ,ㄗㄞˇ,,,,
32,他,ㄊㄚ,,,,,
33,令,ㄌ丨ㄥˋ,,,,,
34,伐,ㄈㄚ,,,,,
35,休,ㄒ丨ㄡ,,,,,
36,任,ㄖㄣˊ,ㄖㄣˋ,,,,
37,份,ㄈㄣˋ,,,,,
38,佗,ㄊㄨㄛˊ,ㄊㄚ,,,,
39,佛,ㄅ丨ˋ,ㄈㄛˊ,,,,
40,估,ㄍㄨ,ㄍㄨˋ,,,,
41,伽,ㄐ丨ㄚ,ㄑ丨ㄝˊ,,,,
42,伺,ㄘˋ,ㄙˋ,,,,
43,佃,ㄉ丨ㄢˋ,ㄊ丨ㄢˊ,,,,
44,佔,ㄓㄢˋ,,,,,
45,作,ㄗㄨㄛˊ,ㄗㄨㄛˋ,,,,
46,伯,ㄅㄛˊ,,,,,
47,余,ㄩˊ,ㄒㄩˊ,,,,
48,佚,丨ˋ,,,,,
49,佁,丨ˇ ,,,,,
50,使,ㄕˇ,,,,,
51,供,ㄍㄨㄥ,ㄍㄨㄥˋ,,,,
52,來,ㄌㄞˊ,,,,,
53,佰,ㄅㄞˇ,,,,,
54,佻,ㄊ丨ㄠ,,,,,
55,信,ㄒ丨ㄣˋ,,,,,
56,便,ㄅ丨ㄢˋ,ㄆ丨ㄢˊ,,,,
57,俠,ㄒ丨ㄚˊ,,,,,
58,俟,ㄑ丨ˊ,ㄙˋ,,,,
59,俊,ㄐㄩㄣˋ,,,,,
60,俞,ㄩˊ,,,,,
61,俛,ㄇ丨ㄢˇ,ㄈㄨˇ,,,,
62,倥,ㄎㄨㄥ,ㄎㄨㄥˇ,,,,
63,倩,ㄑ丨ㄢˋ,,,,,
64,倆,ㄌ丨ㄚˇ,ㄌ丨ㄤˇ,,,,
65,值,ㄓˊ,,,,,
66,倒,ㄉㄠˇ,ㄉㄠˋ,,,,
67,們,ㄇㄣˊ,˙ㄇㄣ,,,,
68,俺,ㄢˇ,,,,,
69,倔,ㄐㄩㄝˊ,ㄐㄩㄝˋ,,,,
70,俱,ㄐㄩˋ,,,,,
71,倡,ㄔㄤ,ㄔㄤˋ,,,,
72,個,ㄍㄜˋ,ㄍㄜˇ,,,,
73,倘,ㄊㄤˇ,,,,,
74,倭,ㄨㄛ,,,,,
75,俾,ㄅ丨ˋ,,,,,
76,偺,ㄗㄚˊ,ㄗㄢˊ,,,,
77,假,ㄐ丨ㄚˇ,ㄐ丨ㄚˋ,,,,
78,偕,ㄒ丨ㄝˊ,ㄐ丨ㄝ,,,,
79,側,ㄘㄜˋ,,,,,
80,傍,ㄅㄤ,ㄅㄤˋ,,,,
81,傅,ㄈㄨˋ,,,,,
82,傀,ㄍㄨㄟ,ㄎㄨㄟˇ,,,,
83,傖,ㄘㄤ,,,,,
84,傌,ㄇㄚˇ,ㄇㄚˋ,,,,
85,傭,ㄩㄥ,,,,,
86,傳,ㄓㄨㄢˋ,ㄔㄨㄢˊ,,,,
87,僅,ㄐ丨ㄣˇ,,,,,
88,傾,ㄑ丨ㄥ,,,,,
89,僮,ㄊㄨㄥˊ,ㄓㄨㄤˋ,,,,
90,僥,ㄐ丨ㄠˇ,丨ㄠˊ,,,,
91,僻,ㄆ丨ˋ,,,,,
92,價,˙ㄍㄚ,ㄐ丨ㄚˋ,,,,
93,儉,ㄐ丨ㄢˇ,,,,,
94,儐,ㄅ丨ㄣ,,,,,
95,儲,ㄔㄨˊ,,,,,
96,先,ㄒ丨ㄢ,,,,,
97,兌,ㄉㄨㄟˋ,ㄩㄝˋ,,,,
98,免,ㄇ丨ㄢˇ,,,,,
99,兒,ㄋ丨ˊ,ㄦˊ,,,,
100,入,ㄖㄨˋ,,,,,
101,內,ㄋㄟˋ,,,,,
102,兩,ㄌ丨ㄤˇ,,,,,
103,六,ㄌ丨ㄡˋ,ㄌㄨˋ,,,,
104,共,ㄍㄨㄥ,ㄍㄨㄥˋ,,,,
105,其,ㄐ丨,ㄑ丨ˊ,,,,
106,冊,ㄘㄜˋ,,,,,
107,冒,ㄇㄠˋ,ㄇㄛˋ,,,,
108,冠,ㄍㄨㄢ,ㄍㄨㄢˋ,,,,
109,几,ㄐ丨 ,ㄐ丨ˇ,,,,
110,凹,ㄠ,,,,,
111,凸,ㄊㄨˊ,,,,,
112,分,ㄈㄣ,ㄈㄣˋ,,,,
113,切,ㄑ丨ㄝ,ㄑ丨ㄝˋ,,,,
114,刨,ㄅㄠˋ,ㄆㄠˊ,,,,
115,刻,ㄎㄜˋ,,,,,
116,刷,ㄕㄨㄚ,,,,,
117,剎,ㄔㄚˋ,ㄕㄚ,,,,
118,削,ㄒ丨ㄠ,ㄒㄩㄝˋ,,,,
119,剌,ㄌㄚˊ,ㄌㄚˋ,,,,
120,剖,ㄆㄡˇ,,,,,
121,剝,ㄅㄛ,,,,,
122,剡,ㄕㄢˋ,丨ㄢˇ,,,,
123,副,ㄈㄨˋ,,,,,
124,創,ㄔㄨㄤ,ㄔㄨㄤˋ,,,,
125,劃,ㄏㄨㄚˊ,ㄏㄨㄚˋ,,,,
126,劇,ㄐㄩˋ,,,,,
127,劈,ㄆ丨,,,,,
128,劊,ㄎㄨㄞˋ ,,,,,
129,勁,ㄐ丨ㄥˋ,,,,,
130,勒,ㄌㄜˋ,ㄌㄟ,,,,
131,勘,ㄎㄢ,,,,,
132,勞,ㄌㄠˊ,ㄌㄠˋ,,,,
133,勝,ㄕㄥ,ㄕㄥˋ,,,,
134,勦,ㄐ丨ㄠˇ,ㄔㄠ,,,,
135,勺,ㄓㄨㄛˊ,ㄕㄠˊ,,,,
136,勾,ㄍㄡ,ㄍㄡˋ,,,,
137,包,ㄅㄠ,ㄆㄠˋ,,,,
138,化,ㄏㄨㄚˋ,ㄏㄨㄚ,,,,
139,北,ㄅㄟˇ,,,,,
140,匙,ㄔˊ,˙ㄕ,,,,
141,匱,ㄍㄨㄟˋ,ㄎㄨㄟˋ,,,,
142,匹,ㄆ丨,ㄆ丨ˇ,,,,
143,匿,ㄋ丨ˋ,,,,,
144,區,ㄑㄩ,ㄡ,,,,
145,午,ㄨˇ,,,,,
146,卒,ㄗㄨˊ,ㄘㄨˋ,,,,
147,卓,ㄓㄨㄛˊ,,,,,
148,南,ㄋㄢˊ,ㄋㄚˊ,,,,
149,卡,ㄎㄚˇ,,,,,
150,占,ㄓㄢ,ㄓㄢˋ,,,,
151,卷,ㄐㄩㄢˇ,ㄐㄩㄢˋ,ㄑㄩㄢˊ,,,
152,原,ㄩㄢˊ,,,,,
153,厭,丨ㄢˋ,丨ㄢ,,,,
154,厲,ㄌ丨ˋ,,,,,
155,參,ㄕㄣ,ㄘㄢ,ㄘㄣ,,,
156,叉,ㄔㄚ,,,,,
157,反,ㄈㄢˇ,,,,,
158,叟,ㄙㄡˇ,,,,,
159,曼,ㄇㄢˋ,,,,,
160,叢,ㄘㄨㄥˊ,,,,,
161,可,ㄎㄜˇ,ㄎㄜˋ,,,,
162,召,ㄓㄠˋ,ㄕㄠˋ,,,,
163,叨,ㄉㄠ,ㄊㄠ,,,,
164,只,ㄓˇ,,,,,
165,台,丨ˊ,ㄊㄞˊ,,,,
166,句,ㄍㄡ,ㄐㄩˋ,ㄍㄡˋ,,,
167,同,ㄊㄨㄥˊ,ㄊㄨㄥˋ,,,,
168,吐,ㄊㄨˇ,ㄊㄨˋ,,,,
169,合,ㄍㄜˇ,ㄏㄜˊ,,,,
170,吃,ㄐ丨ˊ,ㄔ,,,,
171,吭,ㄎㄥ,ㄏㄤˊ,,,,
172,吾,ㄨˊ,,,,,
173,否,ㄆ丨ˇ,ㄈㄡˇ,,,,
174,吧,ㄅㄚ,˙ㄅㄚ,,,,
175,呆,ㄉㄞ,,,,,
176,告,ㄍㄠˋ,ㄍㄨˋ,,,,
177,吹,ㄔㄨㄟ,,,,,
178,呀,ㄒ丨ㄚ,丨ㄚ,˙丨ㄚ,,,
179,吱,ㄓ,,,,,
180,含,ㄏㄢˊ,,,,,
181,呵,ㄏㄜ,ㄛ,,,,
182,咔,ㄎㄚ,,,,,
183,呱,ㄍㄨㄚ,ㄨㄚ,,,,
184,和,ㄏㄜˊ,ㄏㄜˋ,ㄏㄢˋ,ㄏㄨㄛˋ,˙ㄏㄨㄛ,ㄏㄨˊ
185,呢,˙ㄋㄜ,ㄋ丨ˊ,,,,
186,咋,ㄗㄜˊ,,,,,
187,咎,ㄍㄠ,ㄐ丨ㄡˋ,,,,
188,咬,丨ㄠˇ,,,,,
189,咳,ㄎㄜˊ,ㄏㄞ,,,,
190,哇,ㄨㄚ,˙ㄨㄚ,,,,
191,咽,丨ㄝˋ,丨ㄢ,,,,
192,哄,ㄏㄨㄥ,ㄏㄨㄥˇ,,,,
193,哈,ㄎㄚ,ㄏㄚ,ㄏㄚˇ,,,
194,咯,˙ㄌㄛ,ㄍㄜ,ㄎㄚˇ,,,
195,咱,ㄗㄢˊ,ㄗㄚˊ,,,,
196,咻,ㄒ丨ㄡ,ㄒㄩˇ,,,,
197,咧,ㄌ丨ㄝˇ,,,,,
198,哆,ㄉㄨㄛ,ㄔㄜˇ ,,,,
199,哺,ㄅㄨˇ,,,,,
200,哩,ㄌ丨,ㄌ丨ˇ,˙ㄌ丨,,,
201,員,ㄩㄢˊ,ㄩㄣˊ,,,,
202,哮,ㄒ丨ㄠ,,,,,
203,哪,ㄋㄚˇ,˙ㄋㄚ,ㄋㄨㄛˊ,,,
204,哦,ㄛˊ,ㄜˊ,,,,
205,唧,ㄐ丨ˊ,,,,,
206,唇,ㄓㄣ,ㄔㄨㄣˊ ,,,,
207,啪,ㄆㄚ,,,,,
208,啦,ㄌㄚ,˙ㄌㄚ,,,,
209,啞,丨ㄚ,丨ㄚˇ,,,,
210,啊,ㄚ,˙ㄚ,,,,
211,唯,ㄨㄟˊ,,,,,
212,啁,ㄓㄡ ,,,,,
213,啻,ㄔˋ,,,,,
214,喀,ㄎㄚ,,,,,
215,喝,ㄏㄜ,ㄏㄜˋ,,,,
216,喪,ㄙㄤ,ㄙㄤˋ,,,,
217,喔,ㄛ,ㄨㄛˋ,,,,
218,喇,ㄌㄚˇ,,,,,
219,喋,ㄉ丨ㄝˊ,,,,,
220,喳,ㄓㄚ,,,,,
221,單,ㄉㄢ,ㄕㄢˋ,ㄔㄢˊ,,,
222,喬,ㄑ丨ㄠˊ,,,,,
223,喏,ㄋㄨㄛˋ,ㄖㄜˇ,,,,
224,喒,ㄗㄚˊ,ㄗㄢˊ,,,,
225,嗟,ㄐ丨ㄝ,,,,,
226,嗎,ㄇㄚˇ,˙ㄇㄚ,,,,
227,嗗,ㄍㄨ,,,,,
228,嗑,ㄎㄜˋ,ㄏㄜˊ,,,,
229,嗆,ㄑ丨ㄤˋ,,,,,
230,嗒,ㄉㄚ,ㄊㄚˋ,,,,
231,嗾,ㄙㄡˇ,,,,,
232,嘛,ㄇㄚˊ,˙ㄇㄚ,,,,
233,嘔,ㄡ,ㄡˇ,ㄡˋ,,,
234,嘍,ㄌㄡˊ,˙ㄌㄡ,,,,
235,嘎,ㄍㄚ,,,,,
236,嘁,ㄑ丨,,,,,
237,嘲,ㄔㄠˊ,,,,,
238,嘿,ㄏㄟ,,,,,
239,嘩,ㄏㄨㄚ,ㄏㄨㄚˊ,,,,
240,噓,ㄒㄩ,,,,,
241,噴,ㄆㄣ,ㄆㄣˋ,,,,
242,噌,ㄗㄥ ,,,,,
243,噫,丨ˋ,,,,,
244,噹,ㄉㄤ,ㄉ丨ㄤ,,,,
245,噱,ㄐㄩㄝˊ,ㄒㄩㄝ,,,,
246,噯,ㄞˋ,,,,,
247,噶,ㄍㄜˊ ,,,,,
248,噭,ㄐ丨ㄠˋ,ㄑ丨ㄠˋ,,,,
249,嚇,ㄏㄜˋ,ㄒ丨ㄚˋ,,,,
250,嚷,ㄖㄤˇ,,,,,
251,嚼,ㄐ丨ㄠˊ,ㄐㄩㄝˊ,,,,
252,囁,ㄋ丨ㄝˋ,,,,,
253,囉,ㄌㄨㄛ,ㄌㄨㄛˊ,˙ㄌㄨㄛ,,,
254,囝,ㄐ丨ㄢˇ ,,,,,
255,囪,ㄔㄨㄤ,ㄘㄨㄥ,,,,
256,囤,ㄉㄨㄣˋ,ㄊㄨㄣˊ,,,,
257,圈,ㄐㄩㄢˋ,ㄑㄩㄢ,,,,
258,圳,ㄗㄨㄣˋ,ㄓㄣˋ,,,,
259,地,˙ㄉㄜ,ㄉ丨ˋ,,,,
260,坊,ㄈㄤ,ㄈㄤˊ,,,,
261,均,ㄐㄩㄣ,,,,,
262,圾,ㄙㄜˋ,,,,,
263,坏,ㄆㄟ,ㄏㄨㄞˋ,,,,
264,坯,ㄆㄟ ,,,,,
265,坻,ㄉ丨ˇ ,ㄔˊ,,,,
266,垛,ㄉㄨㄛˇ,ㄉㄨㄛˋ ,,,,
267,埔,ㄆㄨˇ,,,,,
268,埋,ㄇㄞˊ,ㄇㄢˊ,,,,
269,埠,ㄅㄨˋ,,,,,
270,埤,ㄅ丨ˋ,ㄆ丨ˊ,,,,
271,堵,ㄉㄨˇ,,,,,
272,培,ㄆㄟˊ,ㄆㄡˇ,,,,
273,埶,ㄕˋ,丨ˋ ,,,,
274,場,ㄔㄤˇ,,,,,
275,堤,ㄊ丨ˊ,,,,,
276,堡,ㄅㄠˇ,,,,,
277,塞,ㄙㄜˋ,ㄙㄞ,ㄙㄞˋ,,,
278,墉,ㄩㄥ,,,,,
279,墳,ㄈㄣˊ,,,,,
280,墮,ㄉㄨㄛˋ,,,,,
281,壅,ㄩㄥ,,,,,
282,壘,ㄌㄟˇ,ㄌㄩˋ,,,,
283,壞,ㄏㄨㄞˋ,,,,,
284,夏,ㄐ丨ㄚˇ,ㄒ丨ㄚˋ,,,,
285,多,ㄉㄨㄛ,,,,,
286,大,ㄉㄚˋ,ㄉㄞˋ,,,,
287,夫,ㄈㄨ,ㄈㄨˊ,,,,
288,夭,丨ㄠ,,,,,
289,夾,ㄐ丨ㄚˊ,,,,,
290,奉,ㄈㄥˋ,,,,,
291,奇,ㄐ丨,ㄑ丨ˊ,,,,
292,奄,丨ㄢ,丨ㄢˇ,,,,
293,奔,ㄅㄣ,,,,,
294,契,ㄑ丨ˋ,ㄒ丨ㄝˋ,,,,
295,奘,ㄗㄤˋ,,,,,
296,奧,ㄠˋ,,,,,
297,女,ㄋㄩˇ,ㄋㄩˋ,,,,
298,妃,ㄈㄟ,,,,,
299,好,ㄏㄠˇ,ㄏㄠˋ,,,,
300,妨,ㄈㄤˊ,,,,,
301,妊,ㄖㄣˋ,,,,,
302,妻,ㄑ丨,ㄑ丨ˋ,,,,
303,委,ㄨㄟˇ,ㄨㄟ,,,,
304,姍,ㄕㄢ,,,,,
305,始,ㄕˇ,,,,,
306,姊,ㄐ丨ㄝˇ,ㄗˇ,,,,
307,妯,ㄓㄡˊ,,,,,
308,妳,ㄋ丨ˇ,ㄋㄞˇ,,,,
309,姣,ㄐ丨ㄠˇ,ㄒ丨ㄠˊ,,,,
310,姥,ㄇㄨˇ,ㄌㄠˇ,,,,
311,娜,ㄋㄚˋ,ㄋㄨㄛˊ,,,,
312,娠,ㄕㄣ,,,,,
313,娩,ㄇ丨ㄢˇ,ㄨㄢˇ,,,,
314,娶,ㄑㄩˇ,,,,,
315,婁,ㄌㄡˊ,,,,,
316,婀,ㄜ,,,,,
317,婢,ㄅ丨ˋ,,,,,
318,媛,ㄩㄢˊ,,,,,
319,嫖,ㄆ丨ㄠ,ㄆ丨ㄠˊ,,,,
320,孌,ㄌㄨㄢˊ ,,,,,
321,子,ㄗˇ,˙ㄗ,,,,
322,孚,ㄈㄨˊ,,,,,
323,孫,ㄙㄨㄣ,,,,,
324,孳,ㄗ,,,,,
325,孱,ㄔㄢˊ,,,,,
326,學,ㄒㄩㄝˊ,,,,,
327,孿,ㄌㄨㄢˊ,,,,,
328,它,ㄊㄚ,,,,,
329,守,ㄕㄡˇ,,,,,
330,宅,ㄓㄞˊ,,,,,
331,宛,ㄨㄢˇ,ㄩㄢ,,,,
332,害,ㄏㄞˋ,,,,,
333,家,ㄍㄨ,ㄐ丨ㄚ,,,,
334,宿,ㄒ丨ㄡˇ,ㄒ丨ㄡˋ,ㄙㄨˋ,,,
335,寧,ㄋ丨ㄥˊ,ㄋ丨ㄥˋ,,,,
336,寫,ㄒ丨ㄝˇ,,,,,
337,射,ㄕㄜˋ,丨ㄝˋ,,,,
338,尉,ㄨㄟˋ,ㄩˋ,,,,
339,將,ㄐ丨ㄤ,ㄐ丨ㄤˋ,ㄑ丨ㄤ,,,
340,尋,ㄒㄩㄣˊ,,,,,
341,導,ㄉㄠˇ,,,,,
342,少,ㄕㄠˇ,ㄕㄠˋ,,,,
343,尬,ㄍㄚˋ,,,,,
344,尷,ㄍㄢ,,,,,
345,尺,ㄔˇ,ㄔㄜˇ,,,,
346,尾,ㄨㄟˇ,,,,,
347,居,ㄐㄩ,,,,,
348,屎,ㄕˇ,,,,,
349,屏,ㄅ丨ㄥˇ,ㄆ丨ㄥˊ,,,,
350,屠,ㄊㄨˊ,,,,,
351,屬,ㄓㄨˇ,ㄕㄨˇ,,,,
352,屯,ㄊㄨㄣˊ,ㄓㄨㄣ,ㄔㄨㄣˊ,,,
353,岔,ㄔㄚˋ,,,,,
354,岡,ㄍㄤ,,,,,
355,岫,ㄒ丨ㄡˋ,,,,,
356,峒,ㄉㄨㄥˋ,ㄊㄨㄥˊ,,,,
357,崢,ㄓㄥ,,,,,
358,崗,ㄍㄤ,ㄍㄤˇ,,,,
359,嵌,ㄎㄢˇ,ㄑ丨ㄢ,,,,
360,嶄,ㄓㄢˇ,,,,,
361,嶸,ㄖㄨㄥˊ ,,,,,
362,巫,ㄨ,,,,,
363,差,ㄔㄚ,ㄔㄞ,ㄘ,ㄘㄨㄛ,,
364,巽,ㄒㄩㄣˋ,,,,,
365,帆,ㄈㄢˊ,,,,,
366,帖,ㄊ丨ㄝˇ,,,,,
367,帑,ㄊㄤˇ,,,,,
368,帥,ㄕㄨㄞˋ,,,,,
369,幅,ㄈㄨˊ,,,,,
370,幕,ㄇㄨˋ,,,,,
371,幢,ㄔㄨㄤˊ,,,,,
372,平,ㄅ丨ㄢˋ,ㄆ丨ㄥˊ,,,,
373,并,ㄅ丨ㄥ,ㄅ丨ㄥˋ,,,,
374,幹,ㄍㄢˋ,,,,,
375,幾,ㄐ丨,ㄐ丨ˇ,,,,
376,底,ㄉ丨ˇ,,,,,
377,度,ㄉㄨˋ,ㄉㄨㄛˋ,,,,
378,庸,ㄩㄥ,,,,,
379,廁,ㄘㄜˋ,,,,,
380,廈,ㄒ丨ㄚˋ,,,,,
381,廨,ㄒ丨ㄝˋ,,,,,
382,弁,ㄅ丨ㄢˋ,ㄆㄢˊ,,,,
383,弄,ㄋㄨㄥˋ,ㄌㄨㄥˋ,,,,
384,弛,ㄔˊ,,,,,
385,弟,ㄉ丨ˋ,ㄊ丨ˋ,,,,
386,張,ㄓㄤ,,,,,
387,強,ㄐ丨ㄤˋ,ㄑ丨ㄤˊ,ㄑ丨ㄤˇ,,,
388,彈,ㄉㄢˋ,ㄊㄢˊ,,,,
389,彊,ㄑ丨ㄤˊ,ㄑ丨ㄤˇ,ㄐ丨ㄤˋ,,,
390,彷,ㄆㄤˊ,ㄈㄤˇ,,,,
391,待,ㄉㄞ,ㄉㄞˋ,,,,
392,徊,ㄏㄨㄟˊ,,,,,
393,徇,ㄒㄩㄣˋ,,,,,
394,得,ㄉㄜˊ,˙ㄉㄜ,ㄉㄟˇ,,,
395,從,ㄗㄨㄥˋ,ㄘㄨㄥˊ,ㄗㄨㄥ,ㄘㄨㄥ,,
396,御,ㄩˋ,,,,,
397,復,ㄈㄨˋ,,,,,
398,徬,ㄆㄤˊ,,,,,
399,微,ㄨㄟˊ,,,,,
400,徵,ㄓㄥ,ㄓˇ,,,,
401,徼,ㄐ丨ㄠ,ㄐ丨ㄠˇ,ㄐ丨ㄠˋ,,,
402,忘,ㄨㄤˋ,,,,,
403,忪,ㄓㄨㄥ,ㄙㄨㄥ ,,,,
404,怔,ㄌㄥˋ,ㄓㄥ,,,,
405,怯,ㄑㄩㄝˋ,,,,,
406,怜,ㄌ丨ㄥˊ,ㄌ丨ㄢˊ,,,,
407,思,ㄙ,ㄙㄞ,,,,
408,怎,ㄗㄣˇ,,,,,
409,怨,ㄩㄢˋ,,,,,
410,恫,ㄉㄨㄥˋ,ㄊㄨㄥ,,,,
411,恪,ㄎㄜˋ,,,,,
412,恣,ㄗˋ,,,,,
413,悚,ㄙㄨㄥˇ,,,,,
414,悖,ㄅㄟˋ,,,,,
415,惡,ㄜˋ,ㄨ,ㄨˋ,,,
416,悶,ㄇㄣ,ㄇㄣˋ,,,,
417,愣,ㄌㄥˋ,,,,,
418,惺,ㄒ丨ㄥ,,,,,
419,慨,ㄎㄞˇ,,,,,
420,愀,ㄑ丨ㄠˇ,,,,,
421,愒,ㄎㄞˋ,ㄑ丨ˋ ,,,,
422,感,ㄍㄢˇ,,,,,
423,愾,ㄎㄞˋ,,,,,
424,慷,ㄎㄤ,,,,,
425,慵,ㄩㄥ,,,,,
426,應,丨ㄥ,丨ㄥˋ,,,,
427,懋,ㄇㄠˋ,,,,,
428,懶,ㄌㄢˇ,,,,,
429,懵,ㄇㄥˊ,,,,,
430,懾,ㄓㄜˊ,,,,,
431,我,ㄨㄛˇ,,,,,
432,戚,ㄑ丨,,,,,
433,戲,ㄒ丨ˋ,ㄏㄨ,,,,
434,扁,ㄅ丨ㄢˇ,ㄆ丨ㄢ,,,,
435,扃,ㄐㄩㄥ,,,,,
436,扇,ㄕㄢ,ㄕㄢˋ,,,,
437,扎,ㄓㄚ,ㄓㄚˊ,,,,
438,打,ㄉㄚˇ,,,,,
439,扔,ㄖㄥ,,,,,
440,扒,ㄅㄚ,ㄆㄚˊ,,,,
441,扛,ㄍㄤ,ㄎㄤˊ,,,,
442,把,ㄅㄚˇ,ㄅㄚˋ,,,,
443,扳,ㄅㄢ,,,,,
444,折,ㄓㄜ,ㄓㄜˊ,ㄕㄜˊ,,,
445,抓,ㄓㄨㄚ,ㄔㄨㄚˇ,,,,
446,拌,ㄅㄢˋ,,,,,
447,拂,ㄈㄨˊ,,,,,
448,抹,ㄇㄛˇ,ㄇㄛˋ,,,,
449,招,ㄓㄠ,,,,,
450,披,ㄆ丨,,,,,
451,拓,ㄊㄚˋ,ㄊㄨㄛˋ,,,,
452,拈,ㄋ丨ㄢˊ,,,,,
453,押,丨ㄚ,,,,,
454,拍,ㄆㄞ,,,,,
455,抵,ㄉ丨ˇ,,,,,
456,拗,ㄋ丨ㄡˋ,ㄠ,ㄠˇ,ㄠˋ,,
457,拆,ㄔㄞ,,,,,
458,挖,ㄨㄚ,,,,,
459,拽,ㄓㄨㄞˋ,,,,,
460,括,ㄍㄨㄚ,ㄎㄨㄛˋ,,,,
461,拾,ㄕˊ,ㄕㄜˋ,,,,
462,挑,ㄊ丨ㄠ,ㄊ丨ㄠˇ,,,,
463,捎,ㄕㄠ,ㄕㄠˋ,,,,
464,挾,ㄒ丨ㄚˊ,,,,,
465,振,ㄓㄣˋ,,,,,
466,捕,ㄅㄨˇ,,,,,
467,挨,ㄞ,,,,,
468,捋,ㄌㄜˋ,ㄌㄨㄛ,ㄌㄩˇ ,,,
469,挲,ㄙㄨㄛ,,,,,
470,掖,丨ㄝ,丨ㄝˋ,,,,
471,探,ㄊㄢˋ,,,,,
472,掃,ㄙㄠˇ,ㄙㄠˋ,,,,
473,掄,ㄌㄨㄣ,ㄌㄨㄣˊ,,,,
474,掙,ㄓㄥ,ㄓㄥˋ,,,,
475,排,ㄆㄞˊ,,,,,
476,捻,ㄋ丨ㄢˇ,,,,,
477,捩,ㄌ丨ㄝˋ,,,,,
478,捽,ㄗㄨˊ,,,,,
479,掇,ㄉㄨㄛˊ,,,,,
480,据,ㄐㄩ,ㄐㄩˋ,,,,
481,揆,ㄎㄨㄟˊ,,,,,
482,提,ㄊ丨ˊ,,,,,
483,揖,丨,,,,,
484,揭,ㄐ丨ㄝ,ㄑ丨ˋ,,,,
485,揄,ㄩˊ,,,,,
486,搽,ㄔㄚˊ,,,,,
487,搶,ㄑ丨ㄤ,ㄑ丨ㄤˇ,,,,
488,搐,ㄔㄨˋ ,,,,,
489,撇,ㄆ丨ㄝ,ㄆ丨ㄝˇ,,,,
490,摘,ㄓㄞ,,,,,
491,摸,ㄇㄛ,,,,,
492,摟,ㄌㄡ,ㄌㄡˊ,ㄌㄡˇ,,,
493,摺,ㄓㄜˊ,,,,,
494,摻,ㄔㄢ,ㄕㄢˇ,ㄘㄢˋ ,,,
495,摩,ㄇㄛˊ,,,,,
496,撞,ㄓㄨㄤˋ,,,,,
497,撈,ㄌㄠ,ㄌㄠˊ,,,,
498,撕,ㄙ,ㄒ丨,,,,
499,撩,ㄌ丨ㄠˊ,,,,,
500,撒,ㄙㄚ,ㄙㄚˇ,,,,
501,撮,ㄘㄨㄛˋ,,,,,
502,撬,ㄑ丨ㄠˋ,,,,,
503,撢,ㄉㄢˇ  ,,,,,
504,撣,ㄉㄢˇ,ㄕㄢˋ ,,,,
505,擁,ㄩㄥˇ,,,,,
506,擋,ㄉㄤˇ,ㄉㄤˋ,,,,
507,擄,ㄌㄨˇ,,,,,
508,擇,ㄗㄜˊ,,,,,
509,擂,ㄌㄟˊ,,,,,
510,操,ㄘㄠ,,,,,
511,擔,ㄉㄢ,ㄉㄢˋ,,,,
512,擰,ㄋ丨ㄥˇ,ㄋ丨ㄥˋ,,,,
513,擻,ㄙㄡˇ,,,,,
514,擷,ㄐ丨ㄝˊ ,,,,,
515,攘,ㄖㄤˊ,,,,,
516,攝,ㄋ丨ㄝˋ,ㄕㄜˋ,,,,
517,攜,ㄒ丨,,,,,
518,攢,ㄗㄢˇ ,ㄘㄨㄢˊ,,,,
519,攣,ㄌㄨㄢˊ,,,,,
520,攪,ㄐ丨ㄠˇ,,,,,
521,放,ㄈㄤˇ,ㄈㄤˋ,,,,
522,敖,ㄠˊ,,,,,
523,教,ㄐ丨ㄠ,ㄐ丨ㄠˋ,,,,
524,敦,ㄉㄨㄟˋ,ㄉㄨㄣ,,,,
525,散,ㄙㄢˇ,ㄙㄢˋ,,,,
526,數,ㄕㄨˇ,ㄕㄨˋ,ㄕㄨㄛˋ,ㄘㄨˋ,,
527,敺,ㄑㄩ,,,,,
528,斁,ㄉㄨˋ,丨ˋ ,,,,
529,文,ㄨㄣˊ,ㄨㄣˋ,,,,
530,斐,ㄈㄟˇ,,,,,
531,斜,ㄒ丨ㄝˊ,,,,,
532,斡,ㄨㄛˋ,,,,,
533,於,ㄨ,ㄩˊ,,,,
534,施,ㄕ,丨ˊ,,,,
535,旁,ㄆㄤˊ,,,,,
536,旋,ㄒㄩㄢˊ,ㄒㄩㄢˋ,,,,
537,日,ㄖˋ,ㄇ丨ˋ,,,,
538,昔,ㄒ丨ˊ,,,,,
539,昆,ㄎㄨㄣ,ㄏㄨㄣˊ,,,,
540,昳,ㄉ丨ㄝˊ,丨ˋ ,,,,
541,晃,ㄏㄨㄤˇ,ㄏㄨㄤˋ,,,,
542,晟,ㄔㄥˊ,ㄕㄥˋ ,,,,
543,景,ㄐ丨ㄥˇ,,,,,
544,暇,ㄒ丨ㄚˊ,,,,,
545,暈,ㄩㄣ,ㄩㄣˋ,,,,
546,暖,ㄋㄨㄢˇ,ㄒㄩㄢ,,,,
547,暍,ㄏㄜˋ,,,,,
548,暝,ㄇ丨ㄥˊ ,,,,,
549,暫,ㄓㄢˋ,,,,,
550,暴,ㄅㄠˋ,ㄆㄨˋ,,,,
551,曲,ㄑㄩ,ㄑㄩˇ,,,,
552,曳,丨ˋ,,,,,
553,更,ㄍㄥ,ㄍㄥˋ,,,,
554,曾,ㄗㄥ,ㄘㄥˊ,,,,
555,會,ㄍㄨㄟˋ,ㄎㄨㄞˋ,ㄏㄨㄟˋ,ㄏㄨㄟˇ,,
556,有,丨ㄡˇ,丨ㄡˋ,,,,
557,期,ㄐ丨,ㄑ丨ˊ,,,,
558,朝,ㄓㄠ,ㄔㄠˊ,,,,
559,朴,ㄆㄛˋ,ㄆㄨˊ,,,,
560,朱,ㄓㄨ,,,,,
561,杉,ㄕㄢ,,,,,
562,杠,ㄍㄤ,,,,,
563,杓,ㄅ丨ㄠ,ㄕㄠˊ ,,,,
564,枕,ㄓㄣˇ,ㄓㄣˋ,,,,
565,杷,ㄆㄚˊ,,,,,
566,枝,ㄓ,,,,,
567,枓,ㄉㄡˇ,ㄓㄨˇ,,,,
568,某,ㄇㄟˊ,ㄇㄡˇ,,,,
569,柵,ㄓㄚˋ,,,,,
570,柄,ㄅ丨ㄥˇ,,,,,
571,柑,ㄍㄢ,,,,,
572,查,ㄓㄚ,ㄔㄚˊ,,,,
573,枸,ㄍㄡ,ㄍㄡˇ,ㄐㄩˇ,,,
574,柏,ㄅㄛˊ,,,,,
575,柞,ㄗㄜˊ,ㄗㄨㄛˋ,,,,
576,枹,ㄈㄨˊ ,,,,,
577,校,ㄐ丨ㄠˋ,ㄒ丨ㄠˋ,,,,
578,桔,ㄐ丨ㄝˊ,ㄐㄩˊ,,,,
579,柴,ㄔㄞˊ,,,,,
580,梧,ㄨˊ,,,,,
581,械,ㄒ丨ㄝˋ,,,,,
582,梡,ㄎㄨㄢˇ ,,,,,
583,梲,ㄓㄨㄛˊ,,,,,
584,椅,丨ˇ,,,,,
585,棹,ㄓㄠˋ,ㄓㄨㄛ,,,,
586,棲,ㄑ丨,ㄒ丨,,,,
587,棣,ㄉ丨ˋ,,,,,
588,棋,ㄑ丨ˊ,,,,,
589,椎,ㄓㄨㄟ,ㄔㄨㄟˊ,,,,
590,業,丨ㄝˋ,,,,,
591,楔,ㄒ丨ㄝ,,,,,
592,楞,ㄌㄥˊ,ㄌㄥˋ,,,,
593,榜,ㄅㄤˇ,ㄅㄥˋ,,,,
594,槍,ㄑ丨ㄤ,ㄔㄥ,,,,
595,榦,ㄍㄢˋ,ㄏㄢˊ ,,,,
596,樣,丨ㄤˋ,,,,,
597,標,ㄅ丨ㄠ,,,,,
598,模,ㄇㄛˊ,,,,,
599,樂,ㄌㄜˋ,丨ㄠˋ,ㄩㄝˋ,,,
600,橫,ㄏㄥˊ,ㄏㄥˋ,,,,
601,橇,ㄑ丨ㄠ,,,,,
602,樨,ㄒ丨,,,,,
603,檔,ㄉㄤˇ,,,,,
604,檜,ㄎㄨㄞˋ,,,,,
605,檐,丨ㄢˊ,ㄉㄢˋ,,,,
606,檳,ㄅ丨ㄣ,,,,,
607,檻,ㄎㄢˇ,ㄐ丨ㄢˋ,,,,
608,櫟,ㄌ丨ˋ,ㄩㄝˋ ,,,,
609,欏,ㄌㄨㄛˊ,,,,,
610,次,ㄘˋ,,,,,
611,欬,ㄎㄞˋ ,ㄎㄜˊ ,,,,
612,欸,ㄞˇ,ㄟˋ,,,,
613,欹,ㄑ丨,丨,,,,
614,歐,ㄡ,,,,,
615,歙,ㄒ丨ˋ,ㄕㄜˋ,,,,
616,正,ㄓㄥ,ㄓㄥˋ,,,,
617,歪,ㄨㄞ,ㄨㄞˇ,,,,
618,歸,ㄍㄨㄟ,,,,,
619,歹,ㄉㄞˇ,,,,,
620,殷,丨ㄣ,丨ㄣˇ,丨ㄢ,,,
621,殺,ㄕㄚ,ㄕㄞˋ,,,,
622,殼,ㄎㄜˊ,,,,,
623,毒,ㄉㄨˊ,,,,,
624,比,ㄅ丨ˇ,ㄅ丨ˋ,,,,
625,氏,ㄕˋ, ㄓ,,,,
626,氐,ㄉ丨,,,,,
627,氓,ㄇㄥˊ,ㄇㄤˊ,,,,
628,氯,ㄌㄩˋ,,,,,
629,氾,ㄈㄢˋ,,,,,
630,汗,ㄏㄢˋ,ㄏㄢˊ,,,,
631,汙,ㄨ,,,,,
632,沈,ㄕㄣˇ,,,,,
633,沉,ㄔㄣˊ,,,,,
634,沒,ㄇㄛˋ,ㄇㄟˊ,,,,
635,沃,ㄨㄛˋ,,,,,
636,沆,ㄏㄤˋ ,,,,,
637,沏,ㄑ丨 ,,,,,
638,汩,ㄍㄨˇ,ㄩˋ ,,,,
639,泌,ㄅ丨ˋ,ㄇ丨ˋ,,,,
640,泥,ㄋ丨ˊ,ㄋ丨ˋ,,,,
641,波,ㄅㄛ,,,,,
642,法,ㄈㄚˇ,ㄈㄚˊ,,,,
643,沸,ㄈㄟˋ,,,,,
644,泄,ㄒ丨ㄝˋ,丨ˋ,,,,
645,沮,ㄐㄩ,ㄐㄩˇ,ㄐㄩˋ,,,
646,沿,丨ㄢˊ,,,,,
647,治,ㄓˋ,,,,,
648,泡,ㄆㄠ,ㄆㄠˋ,,,,
649,泛,ㄈㄢˋ,,,,,
650,泊,ㄅㄛˊ,,,,,
651,沬,ㄇㄟˋ,ㄏㄨㄟˋ,,,,
652,洞,ㄉㄨㄥˋ,ㄊㄨㄥˊ,,,,
653,洗,ㄒ丨ˇ,ㄒ丨ㄢˇ,,,,
654,洽,ㄑ丨ㄚˋ,,,,,
655,洼,ㄍㄨㄟ,ㄨㄚ,,,,
656,洒,ㄒ丨ㄢˇ,ㄘㄨㄟˇ,ㄙㄚˇ,ㄒ丨ˇ,,
657,洸,ㄍㄨㄤ,,,,,
658,洩,ㄒ丨ㄝˋ,丨ˋ ,,,,
659,浪,ㄌㄤˋ,,,,,
660,浸,ㄐ丨ㄣˋ,,,,,
661,浬,ㄌ丨ˇ,,,,,
662,浮,ㄈㄨˊ,,,,,
663,浣,ㄨㄢˇ ,,,,,
664,涎,ㄒ丨ㄢˊ,,,,,
665,涼,ㄌ丨ㄤˊ,,,,,
666,液,丨ㄝˋ,,,,,
667,淺,ㄑ丨ㄢˇ,ㄐ丨ㄢ,,,,
668,淹,丨ㄢ,,,,,
669,混,ㄍㄨㄣˇ,ㄏㄨㄣˋ,,,,
670,涿,ㄓㄨㄛˊ ,,,,,
671,湔,ㄐ丨ㄢ,,,,,
672,渣,ㄓㄚ,,,,,
673,湛,ㄉㄢ,ㄓㄢˋ,,,,
674,湮,丨ㄣ,,,,,
675,渦,ㄍㄨㄛ,ㄨㄛ,,,,
676,湯,ㄊㄤ,ㄕㄤ,,,,
677,渴,ㄎㄜˇ,ㄏㄜˊ,,,,
678,渾,ㄏㄨㄣˊ,ㄏㄨㄣˋ,,,,
679,渫,ㄉ丨ㄝˊ,ㄒ丨ㄝˋ,,,,
680,湫,ㄐ丨ㄠˇ,ㄐ丨ㄡ,,,,
681,溺,ㄋ丨ˋ,,,,,
682,滑,ㄍㄨˇ,ㄏㄨㄚˊ,,,,
683,溜,ㄌ丨ㄡ,ㄌ丨ㄡˋ,,,,
684,滄,ㄘㄤ,,,,,
685,溪,ㄒ丨,,,,,
686,漩,ㄒㄩㄢˊ,,,,,
687,漂,ㄆ丨ㄠ,ㄆ丨ㄠˇ,ㄆ丨ㄠˋ,,,
688,漆,ㄑ丨,,,,,
689,漱,ㄕㄨˋ,,,,,
690,漸,ㄐ丨ㄢˋ,,,,,
691,漲,ㄓㄤˇ,ㄓㄤˋ,,,,
692,漕,ㄘㄠˊ,,,,,
693,漫,ㄇㄢˋ,,,,,
694,漯,ㄊㄚˋ,ㄌㄨㄛˋ,,,,
695,漚,ㄡ,ㄡˋ,,,,
696,漿,ㄐ丨ㄤ,ㄐ丨ㄤˋ,,,,
697,澄,ㄉㄥˋ,ㄔㄥˊ,,,,
698,潦,ㄌㄠˋ,ㄌ丨ㄠˊ,,,,
699,澎,ㄆㄥ,ㄆㄥˊ,,,,
700,潰,ㄎㄨㄟˋ,,,,,
701,澳,ㄠˋ,,,,,
702,澹,ㄉㄢˋ,ㄊㄢˊ,,,,
703,濟,ㄐ丨ˇ,ㄐ丨ˋ,,,,
704,濤,ㄊㄠˊ,,,,,
705,濕,ㄊㄚˋ,ㄕ,,,,
706,濺,ㄐ丨ㄢ,ㄐ丨ㄢˋ,,,,
707,瀑,ㄅㄠˋ,ㄆㄨˋ,,,,
708,瀕,ㄅ丨ㄣ,,,,,
709,瀾,ㄌㄢˊ,ㄌㄢˋ,,,,
710,瀰,ㄇ丨ˊ,,,,,
711,炊,ㄔㄨㄟ,,,,,
712,為,ㄨㄟˊ,ㄨㄟˋ,,,,
713,炸,ㄓㄚˊ,ㄓㄚˋ,,,,
714,炮,ㄅㄠ,ㄆㄠˊ,ㄆㄠˋ,,,
715,烙,ㄌㄠˋ,ㄌㄨㄛˋ,,,,
716,焚,ㄈㄣˊ,,,,,
717,無,ㄨˊ,ㄇㄛˊ,,,,
718,煬,丨ㄤˊ,,,,,
719,煞,ㄕㄚ,ㄕㄚˋ,,,,
720,煖,ㄋㄨㄢˇ,,,,,
721,熙,ㄒ丨,,,,,
722,熏,ㄒㄩㄣ ,,,,,
723,熟,ㄕㄡˊ,,,,,
724,熬,ㄠˊ,,,,,
725,熨,ㄩㄣˋ,ㄩˋ,,,,
726,燉,ㄉㄨㄣ,ㄉㄨㄣˋ,,,,
727,燕,丨ㄢ,丨ㄢˋ,,,,
728,燎,ㄌ丨ㄠˊ,,,,,
729,燜,ㄇㄣ,,,,,
730,燥,ㄗㄠˋ,ㄙㄠˋ,,,,
731,燠,ㄩˋ ,,,,,
732,燿,丨ㄠˋ ,,,,,
733,爆,ㄅㄠˋ,,,,,
734,爪,ㄓㄠˇ,ㄓㄨㄚˇ,,,,
735,父,ㄈㄨˇ,ㄈㄨˋ,,,,
736,爻,丨ㄠˊ,,,,,
737,片,ㄆ丨ㄢˋ,,,,,
738,牡,ㄇㄨˇ,,,,,
739,牠,ㄊㄚ,,,,,
740,犍,ㄐ丨ㄢ ,ㄑ丨ㄢˊ ,,,,
741,犛,ㄌ丨ˊ,,,,,
742,猗,丨,丨ˇ,ㄜˇ,,,
743,猲,ㄏㄜˋ,ㄒ丨ㄝ,,,,
744,獃,ㄉㄞ,,,,,
745,獲,ㄏㄨㄛˋ,,,,,
746,獺,ㄊㄚˋ,,,,,
747,率,ㄌㄩˋ,ㄕㄨㄞˋ,,,,
748,王,ㄨㄤˊ,ㄨㄤˋ,,,,
749,玩,ㄨㄢˊ,,,,,
750,玟,ㄨㄣˊ,,,,,
751,瑁,ㄇㄟˋ,,,,,
752,瑒,ㄔㄤˋ,丨ㄤˊ ,,,,
753,璉,ㄌ丨ㄢˊ,,,,,
754,瑾,ㄐ丨ㄣˇ ,,,,,
755,瓦,ㄨㄚˇ,ㄨㄚˋ,,,,
756,甚,ㄕㄣˊ,ㄕㄣˋ,,,,
757,甯,ㄋ丨ㄥˋ,,,,,
758,甲,ㄐ丨ㄚˇ,,,,,
759,甸,ㄉ丨ㄢˋ,,,,,
760,町,ㄉ丨ㄥ,ㄊ丨ㄥˇ ,,,,
761,畝,ㄇㄨˇ,,,,,
762,畜,ㄒㄩˋ,ㄔㄨˋ,,,,
763,畦,ㄑ丨ˊ,,,,,
764,番,ㄈㄢ,ㄆㄢ,,,,
765,畬,ㄕㄜ,ㄩˊ,,,,
766,當,ㄉㄤ,ㄉㄤˋ,,,,
767,畿,ㄐ丨,,,,,
768,疋,ㄕㄨ,,,,,
769,疏,ㄕㄨ,,,,,
770,疵,ㄘ,,,,,
771,痴,ㄔ,,,,,
772,痾,ㄜ,,,,,
773,癌,ㄞˊ,,,,,
774,癖,ㄆ丨ˇ,,,,,
775,癤,ㄐ丨ㄝˊ,,,,,
776,癟,ㄅ丨ㄝˇ,ㄅ丨ㄝ,,,,
777,癬,ㄒ丨ㄢˇ,,,,,
778,白,ㄅㄞˊ,,,,,
779,百,ㄅㄞˇ,ㄅㄛˊ,,,,
780,的,˙ㄉㄜ,ㄉ丨ˊ,ㄉ丨ˋ,,,
781,皖,ㄨㄢˇ,,,,,
782,皿,ㄇ丨ㄣˇ,,,,,
783,益,丨ˋ,,,,,
784,盛,ㄔㄥˊ,ㄕㄥˋ,,,,
785,盟,ㄇㄥˊ,,,,,
786,監,ㄐ丨ㄢ,ㄐ丨ㄢˋ,,,,
787,省,ㄒ丨ㄥˇ,ㄕㄥˇ,,,,
788,相,ㄒ丨ㄤ,ㄒ丨ㄤˋ,,,,
789,看,ㄎㄢ,ㄎㄢˋ,,,,
790,盾,ㄉㄨㄣˋ,,,,,
791,睪,丨ˋ,ㄍㄠ,,,,
792,瞑,ㄇ丨ㄢˋ,ㄇ丨ㄥˊ,,,,
793,瞭,ㄌ丨ㄠˇ,ㄌ丨ㄠˋ,,,,
794,瞿,ㄐㄩˋ,ㄑㄩˊ,,,,
795,矇,ㄇㄥ,ㄇㄥˊ,,,,
796,矜,ㄐ丨ㄣ,,,,,
797,知,ㄓ,,,,,
798,石,ㄉㄢˋ,ㄕˊ,,,,
799,研,丨ㄢˊ,,,,,
800,砌,ㄑ丨ˋ,ㄑ丨ㄝˋ,,,,
801,硼,ㄆㄥˊ,,,,,
802,碩,ㄕㄨㄛˋ,,,,,
803,磅,ㄅㄤˋ,ㄆㄤ,,,,
804,磨,ㄇㄛˊ,ㄇㄛˋ,,,,
805,礦,ㄎㄨㄤˋ,,,,,
806,示,ㄕˋ,,,,,
807,祇,ㄑ丨ˊ,ㄓˇ,,,,
808,祕,ㄇ丨ˋ,,,,,
809,票,ㄆ丨ㄠˋ,,,,,
810,祭,ㄐ丨ˋ,ㄓㄞˋ,,,,
811,禁,ㄐ丨ㄣ,ㄐ丨ㄣˋ,,,,
812,禧,ㄒ丨,,,,,
813,禪,ㄔㄢˊ,ㄕㄢˋ,,,,
814,禰,ㄇ丨ˊ,ㄋ丨ˇ,,,,
815,秤,ㄆ丨ㄥˊ,ㄔㄥˋ,,,,
816,秘,ㄅ丨ˋ,ㄇ丨ˋ,,,,
817,稍,ㄕㄠ,,,,,
818,稟,ㄅ丨ㄥˇ,,,,,
819,種,ㄓㄨㄥˇ,ㄓㄨㄥˋ,,,,
820,稱,ㄔㄥ,ㄔㄥˋ,,,,
821,稽,ㄐ丨,ㄑ丨ˇ,,,,
822,穢,ㄏㄨㄟˋ,,,,,
823,穫,ㄏㄨㄛˋ,,,,,
824,穰,ㄖㄤˊ ,,,,,
825,穴,ㄒㄩㄝˋ,,,,,
826,究,ㄐ丨ㄡˋ,,,,,
827,空,ㄎㄨㄥ,ㄎㄨㄥˋ,,,,
828,穹,ㄑㄩㄥ,,,,,
829,窄,ㄓㄞˇ,,,,,
830,窘,ㄐㄩㄥˇ,,,,,
831,竺,ㄓㄨˊ,,,,,
832,答,ㄉㄚ,ㄉㄚˊ,,,,
833,箬,ㄖㄨㄛˋ,,,,,
834,簪,ㄗㄢ,,,,,
835,簿,ㄅㄨˋ,,,,,
836,簸,ㄅㄛˇ,ㄅㄛˋ,,,,
837,籠,ㄌㄨㄥˊ,,,,,
838,粘,ㄋ丨ㄢˊ,ㄓㄢ,,,,
839,粥,ㄓㄡ,ㄓㄨˋ,ㄩˋ,,,
840,粳,ㄍㄥ,,,,,
841,粽,ㄗㄨㄥˋ,,,,,
842,糊,ㄏㄨˊ,,,,,
843,糜,ㄇ丨ˊ,,,,,
844,糙,ㄘㄠ,,,,,
845,糸,ㄇ丨ˋ,,,,,
846,糾,ㄐ丨ㄡ,,,,,
847,紅,ㄏㄨㄥˊ,ㄍㄨㄥ,,,,
848,紀,ㄐ丨ˋ,,,,,
849,紇,ㄏㄜˊ,,,,,
850,索,ㄙㄨㄛˇ,,,,,
851,純,ㄔㄨㄣˊ,,,,,
852,紕,ㄆ丨,,,,,
853,紮,ㄓㄚˊ,,,,,
854,累,ㄌㄟˇ,ㄌㄟˋ,,,,
855,結,ㄐ丨ㄝ,ㄐ丨ㄝˊ,,,,
856,絡,ㄌㄠˋ,ㄌㄨㄛˋ,,,,
857,給,ㄍㄟˇ,ㄐ丨ˇ,,,,
858,絜,ㄒ丨ㄝˊ ,,,,,
859,綏,ㄙㄨㄟ,,,,,
860,綠,ㄌㄩˋ,,,,,
861,綸,ㄌㄨㄣˊ,ㄍㄨㄢ,,,,
862,綮,ㄑ丨ˇ,ㄑ丨ㄥˋ ,,,,
863,緝,ㄑ丨ˋ,,,,,
864,緣,ㄩㄢˊ,,,,,
865,縣,ㄒ丨ㄢˋ,,,,,
866,縕,ㄩㄣˋ,,,,,
867,縮,ㄙㄨㄛ,,,,,
868,繆,ㄇㄡˊ,ㄇ丨ㄠˋ,ㄇ丨ㄡˋ,,,
869,繃,ㄅㄥ,ㄅㄥˇ,ㄅㄥˋ,,,
870,縫,ㄈㄥˊ,ㄈㄥˋ,,,,
871,縱,ㄗㄨㄥ,ㄗㄨㄥˋ,,,,
872,繁,ㄆㄛˊ,ㄈㄢˊ,,,,
873,縳,ㄓㄨㄢˋ,,,,,
874,縹,ㄆ丨ㄠˇ ,,,,,
875,繇,丨ㄠˊ,,,,,
876,繒,ㄗㄥ,,,,,
877,繫,ㄐ丨ˋ,ㄒ丨ˋ,,,,
878,繳,ㄐ丨ㄠˇ,ㄓㄨㄛˊ,,,,
879,署,ㄕㄨˇ,ㄕㄨˋ,,,,
880,罷,ㄅㄚˋ,˙ㄅㄚ,ㄆ丨ˊ,,,
881,罾,ㄗㄥ,,,,,
882,羊,丨ㄤˊ,,,,,
883,羋,ㄇ丨ˇ,ㄇ丨ㄝ,,,,
884,羹,ㄍㄥ,,,,,
885,翟,ㄉ丨ˊ,ㄓㄞˊ,,,,
886,翮,ㄍㄜˊ,,,,,
887,翳,丨ˋ,,,,,
888,翹,ㄑ丨ㄠˊ,ㄑ丨ㄠˋ,,,,
889,耀,丨ㄠˋ,,,,,
890,耕,ㄍㄥ,,,,,
891,耙,ㄆㄚˊ,,,,,
892,耶,丨ㄝˊ,,,,,
893,聘,ㄆ丨ㄥˋ,,,,,
894,聞,ㄨㄣˊ,,,,,
895,聽,ㄊ丨ㄥ,ㄊ丨ㄥˋ,,,,
896,肉,ㄖㄡˋ,,,,,
897,肋,ㄌㄜˋ,,,,,
898,肚,ㄉㄨˇ,ㄉㄨˋ,,,,
899,肺,ㄈㄟˋ,,,,,
900,肴,丨ㄠˊ,,,,,
901,肪,ㄈㄤˊ,,,,,
902,肯,ㄎㄣˇ,,,,,
903,胖,ㄆㄢˊ,ㄆㄤˋ,,,,
904,背,ㄅㄟ,ㄅㄟˋ,,,,
905,脈,ㄇㄞˋ,ㄇㄛˋ,,,,
906,脊,ㄐ丨ˇ,,,,,
907,脯,ㄆㄨˊ,ㄈㄨˇ,,,,
908,脫,ㄊㄨㄛ,,,,,
909,腋,丨ㄝˋ,,,,,
910,腊,ㄒ丨ˊ ,ㄌㄚˋ,,,,
911,腳,ㄐ丨ㄠˇ,,,,,
912,膀,ㄅㄤˇ,ㄆㄤ,ㄆㄤˊ,ㄅㄤˋ,,
913,膏,ㄍㄠ,ㄍㄠˋ,,,,
914,膜,ㄇㄛˊ,,,,,
915,膞,ㄓㄨㄢ,,,,,
916,臃,ㄩㄥ,,,,,
917,臂,ㄅ丨ˋ,,,,,
918,臊,ㄙㄠ,ㄙㄠˋ ,,,,
919,臠,ㄌㄨㄢˊ,,,,,
920,臭,ㄒ丨ㄡˋ,ㄔㄡˋ,,,,
921,臾,ㄩˊ,,,,,
922,與,ㄩˊ,ㄩˇ,ㄩˋ,,,
923,興,ㄒ丨ㄥ,ㄒ丨ㄥˋ,,,,
924,舍,ㄕㄜˇ,ㄕㄜˋ,,,,
925,般,ㄅㄛ,ㄅㄢ,ㄆㄢˊ,,,
926,舳,ㄓㄨˊ,,,,,
927,艘,ㄙㄠ,,,,,
928,艮,ㄍㄣˇ,ㄍㄣˋ,,,,
929,色,ㄙㄜˋ,ㄕㄞˇ,,,,
930,艾,ㄞˋ,丨ˋ,,,,
931,芍,ㄕㄠˊ,,,,,
932,芯,ㄒ丨ㄣ ,,,,,
933,苛,ㄎㄜ,,,,,
934,茄,ㄐ丨ㄚ,ㄑ丨ㄝˊ,,,,
935,若,ㄖㄜˇ,ㄖㄨㄛˋ,,,,
936,茂,ㄇㄠˋ,,,,,
937,苔,ㄊㄞ,ㄊㄞˊ,,,,
938,苑,ㄩㄢˋ,,,,,
939,苫,ㄕㄢ ,,,,,
940,苴,ㄐㄩ ,,,,,
941,茆,ㄇㄠˇ ,,,,,
942,茸,ㄖㄨㄥˊ,,,,,
943,茲,ㄗ,ㄘˊ,,,,
944,茹,ㄖㄨˊ,,,,,
945,茗,ㄇ丨ㄥˊ,,,,,
946,荑,丨ˊ,,,,,
947,茷,ㄈㄚˊ ,,,,,
948,莎,ㄕㄚ,ㄙㄨㄛ,,,,
949,莞,ㄍㄨㄢ,ㄨㄢˇ,ㄍㄨㄢˇ,,,
950,莘,ㄒ丨ㄣ,,,,,
951,荸,ㄅ丨ˊ,,,,,
952,莫,ㄇㄛˋ,,,,,
953,莠,丨ㄡˋ,,,,,
954,荷,ㄏㄜˊ,ㄏㄜˋ,,,,
955,荼,ㄊㄨˊ,ㄕㄨ,,,,
956,莩,ㄈㄨˊ,,,,,
957,菸,丨ㄢ,,,,,
958,華,ㄏㄨㄚ,ㄏㄨㄚˊ,ㄏㄨㄚˋ,,,
959,菴,ㄢ,,,,,
960,著,˙ㄓㄜ,ㄓㄠ,ㄓㄠˊ,ㄓㄨˋ,ㄓㄨㄛˊ,
961,菲,ㄈㄟ,ㄈㄟˇ,,,,
962,萎,ㄨㄟ,,,,,
963,菉,ㄌㄩˋ ,,,,,
964,菔,ㄈㄨˊ ,,,,,
965,菑,ㄗ ,,,,,
966,葷,ㄏㄨㄣ,ㄒㄩㄣ,,,,
967,落,ㄌㄚˋ,ㄌㄠˋ,ㄌㄨㄛˋ,,,
968,葉,ㄕㄜˋ,丨ㄝˋ,,,,
969,葛,ㄍㄜˊ,ㄍㄜˇ,,,,
970,葚,ㄕㄣˋ,,,,,
971,蓋,ㄍㄜˇ,ㄍㄞˋ,,,,
972,蓁,ㄓㄣ ,,,,,
973,蔽,ㄅ丨ˋ,,,,,
974,蔚,ㄨㄟˋ,ㄩˋ,,,,
975,蔬,ㄕㄨ,,,,,
976,蔓,ㄇㄢˊ,ㄇㄢˋ,,,,
977,蔡,ㄘㄞˋ,,,,,
978,蓼,ㄌ丨ㄠˇ,ㄌㄨˋ ,,,,
979,蕈,ㄒㄩㄣˋ,,,,,
980,蕃,ㄈㄢ,ㄈㄢˊ,ㄅㄛ,,,
981,蕉,ㄐ丨ㄠ,,,,,
982,薄,ㄅㄛˊ,ㄅㄛˋ,,,,
983,薜,ㄅ丨ˋ,,,,,
984,藏,ㄗㄤˋ,ㄘㄤˊ,,,,
985,藉,ㄐ丨ˊ,ㄐ丨ㄝˋ,,,,
986,薺,ㄐ丨ˋ,ㄑ丨ˊ ,,,,
987,藷,ㄓㄨ,ㄕㄨˇ,,,,
988,蘋,ㄆ丨ㄣˊ,ㄆ丨ㄥˊ,,,,
989,蘘,ㄖㄤˊ,,,,,
990,虎,ㄏㄨˇ,ㄏㄨ,,,,
991,處,ㄔㄨˇ,ㄔㄨˋ,,,,
992,虜,ㄌㄨˇ,,,,,
993,號,ㄏㄠˊ,ㄏㄠˋ,,,,
994,虫,ㄏㄨㄟˇ,ㄔㄨㄥˊ,,,,
995,虺,ㄏㄨㄟ,ㄏㄨㄟˇ ,,,,
996,蚌,ㄅㄤˋ,,,,,
997,蛇,ㄕㄜˊ,丨ˊ,,,,
998,蚵,ㄎㄜ,ㄜˊ,,,,
999,蛆,ㄐㄩ,ㄑㄩ,,,,
1000,蛤,ㄍㄜˊ,ㄏㄚˊ,,,,
1001,蛾,ㄜˊ,,,,,
1002,蛻,ㄊㄨㄟˋ,,,,,
1003,蜿,ㄨㄢ,,,,,
1004,蝦,ㄒ丨ㄚ,ㄏㄚˊ,,,,
1005,蝙,ㄅ丨ㄢ,,,,,
1006,螞,ㄇㄚˇ,ㄇㄚˋ,,,,
1007,蟀,ㄕㄨㄞˋ,,,,,
1008,螫,ㄓㄜ,,,,,
1009,蟄,ㄓˊ,,,,,
1010,蟹,ㄒ丨ㄝˋ,,,,,
1011,蠕,ㄖㄨˊ,,,,,
1012,蠡,ㄌ丨ˊ,ㄌ丨ˇ,,,,
1013,血,ㄒ丨ㄝˇ,,,,,
1014,行,ㄏㄤˊ,ㄏㄤˋ,ㄒ丨ㄥˊ,ㄒ丨ㄥˋ,,
1015,術,ㄕㄨˋ,,,,,
1016,衙,丨ㄚˊ,,,,,
1017,衝,ㄔㄨㄥ,ㄔㄨㄥˋ,,,,
1018,衣,丨,丨ˋ,,,,
1019,衰,ㄕㄨㄞ,ㄘㄨㄟ,,,,
1020,被,ㄅㄟˋ,,,,,
1021,裳,ㄔㄤˊ,˙ㄕㄤ,,,,
1022,裨,ㄅ丨ˋ,ㄆ丨ˊ,,,,
1023,褪,ㄊㄨㄣˋ,,,,,
1024,褶,ㄉ丨ㄝˊ,ㄒㄩㄝˊ,ㄓㄜˊ,,,
1025,要,丨ㄠ,丨ㄠˋ,,,,
1026,覃,ㄊㄢˊ,ㄑ丨ㄣˊ,,,,
1027,見,ㄐ丨ㄢˋ,,,,,
1028,親,ㄑ丨ㄣ,ㄑ丨ㄥˋ,,,,
1029,覲,ㄐ丨ㄣˋ,,,,,
1030,覺,ㄐ丨ㄠˋ,ㄐㄩㄝˊ,,,,
1031,觀,ㄍㄨㄢ,ㄍㄨㄢˋ,,,,
1032,角,ㄌㄨˋ,ㄐ丨ㄠˇ,ㄐㄩㄝˊ,,,
1033,解,ㄐ丨ㄝˇ,ㄐ丨ㄝˋ,ㄒ丨ㄝˋ,,,
1034,言,丨ㄢˊ,,,,,
1035,訥,ㄋㄜˋ,,,,,
1036,許,ㄒㄩˇ,,,,,
1037,詐,ㄓㄚˋ,,,,,
1038,診,ㄓㄣˇ,,,,,
1039,訾,ㄗˇ ,,,,,
1040,語,ㄩˇ,ㄩˋ,,,,
1041,誣,ㄨ,,,,,
1042,說,ㄕㄨㄛ,ㄕㄨㄟˋ,,,,
1043,誨,ㄏㄨㄟˋ,,,,,
1044,誼,丨ˋ,,,,,
1045,諒,ㄌ丨ㄤˋ,,,,,
1046,請,ㄐ丨ㄥˋ,ㄑ丨ㄥˇ,,,,
1047,調,ㄉ丨ㄠˋ,ㄊ丨ㄠˊ,,,,
1048,誰,ㄕㄟˊ,,,,,
1049,論,ㄌㄨㄣˊ,ㄌㄨㄣˋ,,,,
1050,諷,ㄈㄥˋ,,,,,
1051,謎,ㄇ丨ˊ,,,,,
1052,謙,ㄑ丨ㄢ,,,,,
1053,識,ㄓˋ,ㄕˋ,,,,
1054,讀,ㄉㄡˋ,ㄉㄨˊ,,,,
1055,谷,ㄍㄨˇ,ㄩˋ,,,,
1056,豁,ㄏㄨㄛˋ,ㄏㄨㄚˊ,,,,
1057,谿,ㄒ丨,,,,,
1058,豈,ㄑ丨ˇ,,,,,
1059,豉,ㄔˇ,,,,,
1060,貉,ㄏㄜˊ,ㄇㄛˋ,,,,
1061,責,ㄗㄜˊ,,,,,
1062,賁,ㄅㄣ,ㄅ丨ˋ,,,,
1063,費,ㄈㄟˋ,,,,,
1064,貿,ㄇㄠˋ,,,,,
1065,貸,ㄉㄞˋ,,,,,
1066,賊,ㄗㄟˊ,,,,,
1067,賈,ㄍㄨˇ,ㄐ丨ㄚˇ,,,,
1068,賄,ㄏㄨㄟˋ,,,,,
1069,賃,ㄌ丨ㄣˋ,,,,,
1070,賓,ㄅ丨ㄣ,,,,,
1071,賢,ㄒ丨ㄢˊ,,,,,
1072,賜,ㄙˋ,,,,,
1073,質,ㄓˊ,ㄓˋ,,,,
1074,賺,ㄓㄨㄢˋ,,,,,
1075,贛,ㄍㄢˋ,,,,,
1076,赳,ㄐ丨ㄡ,,,,,
1077,趣,ㄑㄩˋ,,,,,
1078,趨,ㄑㄩ,,,,,
1079,足,ㄗㄨˊ,ㄐㄩˋ,,,,
1080,跑,ㄆㄠˊ,ㄆㄠˇ,,,,
1081,跛,ㄅㄛˇ,,,,,
1082,踅,ㄒㄩㄝˊ,,,,,
1083,踝,ㄏㄨㄞˊ,,,,,
1084,踹,ㄔㄨㄞˋ,,,,,
1085,蹣,ㄇㄢˊ,,,,,
1086,蹲,ㄉㄨㄣ,,,,,
1087,蹶,ㄐㄩㄝˊ,,,,,
1088,躂,ㄊㄚˋ,˙ㄉㄚ,,,,
1089,躍,ㄩㄝˋ,,,,,
1090,身,ㄕㄣ,ㄐㄩㄢ,,,,
1091,車,ㄔㄜ,ㄐㄩ,,,,
1092,軋,ㄍㄚˊ,丨ㄚˋ,,,,
1093,軸,ㄓㄡˊ,,,,,
1094,較,ㄐ丨ㄠˋ,,,,,
1095,載,ㄗㄞˇ,ㄗㄞˋ,,,,
1096,輾,ㄋ丨ㄢˇ ,ㄓㄢˇ,,,,
1097,轂,ㄍㄨ,ㄍㄨˇ,,,,
1098,轉,ㄓㄨㄢˇ,ㄓㄨㄢˋ,,,,
1099,轍,ㄓㄜˊ,ㄔㄜˋ,,,,
1100,辟,ㄅ丨ˋ,ㄆ丨ˋ,,,,
1101,辱,ㄖㄨˋ,,,,,
1102,迆,丨ˊ,,,,,
1103,迎,丨ㄥˊ,,,,,
1104,追,ㄉㄨㄟ,ㄓㄨㄟ,,,,
1105,逅,ㄏㄡˋ,,,,,
1106,迸,ㄅㄥˋ,,,,,
1107,這,ㄓㄜˋ,,,,,
1108,造,ㄗㄠˋ,,,,,
1109,逢,ㄆㄥˊ,ㄈㄥˊ,,,,
1110,逮,ㄉㄞˇ,ㄉㄞˋ,,,,
1111,遂,ㄙㄨㄟˋ,,,,,
1112,達,ㄉㄚˊ,,,,,
1113,逼,ㄅ丨,,,,,
1114,過,ㄍㄨㄛ,ㄍㄨㄛˋ,,,,
1115,遍,ㄅ丨ㄢˋ,,,,,
1116,遠,ㄩㄢˇ,ㄩㄢˋ,,,,
1117,遜,ㄒㄩㄣˋ,,,,,
1118,遛,ㄌ丨ㄡˋ,,,,,
1119,適,ㄉ丨ˊ,ㄕˋ,,,,
1120,遮,ㄓㄜ,,,,,
1121,遴,ㄌ丨ㄣˊ,,,,,
1122,遲,ㄔˊ,,,,,
1123,遺,丨ˊ,ㄨㄟˋ,,,,
1124,避,ㄅ丨ˋ,,,,,
1125,還,ㄏㄞˊ,ㄏㄨㄢˊ,,,,
1126,邪,ㄒ丨ㄝˊ,丨ㄝˊ,,,,
1127,那,ㄋㄚ,ㄋㄚˇ,ㄋㄚˋ,ㄋㄨㄛˊ,,
1128,郝,ㄏㄠˇ,,,,,
1129,都,ㄉㄡ,ㄉㄨ,,,,
1130,鄉,ㄒ丨ㄤ,,,,,
1131,鄙,ㄅ丨ˇ,,,,,
1132,酊,ㄉ丨ㄥ,ㄉ丨ㄥˇ,,,,
1133,酢,ㄗㄨㄛˋ,ㄘㄨˋ,,,,
1134,酪,ㄌㄨㄛˋ,,,,,
1135,酩,ㄇ丨ㄥˊ,,,,,
1136,酵,ㄒ丨ㄠˋ,,,,,
1137,醋,ㄘㄨˋ,,,,,
1138,醒,ㄒ丨ㄥˇ,,,,,
1139,釃,ㄙ ,,,,,
1140,采,ㄘㄞˇ,,,,,
1141,重,ㄓㄨㄥˋ,ㄔㄨㄥˊ,,,,
1142,量,ㄌ丨ㄤˊ,ㄌ丨ㄤˋ,,,,
1143,釐,ㄌ丨ˊ,ㄒ丨,,,,
1144,釘,ㄉ丨ㄥ,ㄉ丨ㄥˋ,,,,
1145,鈔,ㄔㄠ,,,,,
1146,鈷,ㄍㄨˇ,ㄍㄨ,,,,
1147,鈸,ㄅㄚˊ,,,,,
1148,鈾,丨ㄡˋ,,,,,
1149,鉛,ㄑ丨ㄢ,丨ㄢˊ,,,,
1150,銻,ㄊ丨ˋ,ㄊ丨,,,,
1151,鋪,ㄆㄨ,ㄆㄨˋ,,,,
1152,鋸,ㄐㄩˋ,,,,,
1153,錯,ㄘㄨㄛˋ,,,,,
1154,錢,ㄑ丨ㄢˊ,,,,,
1155,鋼,ㄍㄤ,ㄍㄤˋ,,,,
1156,鏑,ㄉ丨ˊ,ㄉ丨,,,,
1157,鏃,ㄗㄨˊ,,,,,
1158,鏜,ㄊㄤ,,,,,
1159,鎩,ㄕㄚ,,,,,
1160,鐐,ㄌ丨ㄠˊ,,,,,
1161,鐺,ㄉㄤ,ㄔㄥ,,,,
1162,鑲,ㄒ丨ㄤ,,,,,
1163,鑰,丨ㄠˋ,,,,,
1164,鑽,ㄗㄨㄢ,ㄗㄨㄢˋ,,,,
1165,鑿,ㄗㄠˊ,,,,,
1166,長,ㄓㄤˇ,ㄓㄤˋ,ㄔㄤˊ,,,
1167,間,ㄐ丨ㄢ,ㄐ丨ㄢˋ,,,,
1168,閒,ㄒ丨ㄢˊ,,,,,
1169,閩,ㄇ丨ㄣˇ,,,,,
1170,閤,ㄍㄜˊ,ㄏㄜˊ,,,,
1171,闖,ㄔㄨㄤˇ,,,,,
1172,闕,ㄑㄩㄝˋ,ㄑㄩㄝ,,,,
1173,阿,ㄜ,ㄚ,,,,
1174,降,ㄐ丨ㄤˋ,ㄒ丨ㄤˊ,,,,
1175,陳,ㄔㄣˊ,,,,,
1176,陸,ㄌ丨ㄡˋ,ㄌㄨˋ,,,,
1177,陰,丨ㄣ,,,,,
1178,陶,ㄊㄠˊ,丨ㄠˊ,,,,
1179,隘,ㄞˋ,,,,,
1180,隕,ㄩㄣˇ,,,,,
1181,隱,丨ㄣˇ,,,,,
1182,雀,ㄑㄩㄝˋ,,,,,
1183,雅,丨ㄚ,丨ㄚˇ,,,,
1184,雋,ㄐㄩㄢˋ,ㄐㄩㄣˋ,,,,
1185,雌,ㄘ,,,,,
1186,雖,ㄙㄨㄟ,,,,,
1187,雙,ㄕㄨㄤ,,,,,
1188,難,ㄋㄢˊ,ㄋㄢˋ,ㄋㄨㄛˊ,,,
1189,雨,ㄩˇ,ㄩˋ,,,,
1190,雪,ㄒㄩㄝˇ,,,,,
1191,雩,ㄩˊ,,,,,
1192,雹,ㄅㄠˊ,,,,,
1193,零,ㄌ丨ㄥˊ,,,,,
1194,需,ㄒㄩ,,,,,
1195,霸,ㄅㄚˋ,ㄆㄛˋ,,,,
1196,露,ㄌㄡˋ,ㄌㄨˋ,,,,
1197,青,ㄑ丨ㄥ,,,,,
1198,非,ㄈㄟ,,,,,
1199,靡,ㄇ丨ˇ,,,,,
1200,靦,ㄇ丨ㄢˇ,ㄊ丨ㄢˇ,,,,
1201,革,ㄍㄜˊ,,,,,
1202,靶,ㄅㄚˇ,ㄅㄚˋ,,,,
1203,鞅,丨ㄤ,,,,,
1204,鞘,ㄑ丨ㄠˋ,,,,,
1205,韁,ㄐ丨ㄤ,,,,,
1206,音,丨ㄣ,,,,,
1207,頁,丨ㄝˋ,,,,,
1208,頃,ㄑ丨ㄥˇ,,,,,
1209,頓,ㄉㄨㄣˋ,ㄉㄨˊ,,,,
1210,頌,ㄙㄨㄥˋ,,,,,
1211,頗,ㄆㄛˇ,,,,,
1212,頡,ㄐ丨ㄝˊ,ㄒ丨ㄝˊ,,,,
1213,頦,ㄎㄜ,ㄏㄞˊ,,,,
1214,頸,ㄐ丨ㄥˇ,ㄍㄥˇ,,,,
1215,頭,ㄊㄡˊ,˙ㄊㄡ,,,,
1216,顆,ㄎㄜ,,,,,
1217,額,ㄜˊ,,,,,
1218,顫,ㄓㄢˋ,,,,,
1219,風,ㄈㄥ,ㄈㄥˋ,,,,
1220,食,ㄕˊ,ㄙˋ,丨ˋ,,,
1221,飩,ㄉㄨㄣˋ,,,,,
1222,飲,丨ㄣˇ,丨ㄣˋ,,,,
1223,養,丨ㄤˇ,丨ㄤˋ,,,,
1224,餚,丨ㄠˊ,,,,,
1225,餾,ㄌ丨ㄡˋ,,,,,
1226,馨,ㄒ丨ㄣ,,,,,
1227,馮,ㄆ丨ㄥˊ,ㄈㄥˊ,,,,
1228,馱,ㄉㄨㄛˋ,ㄊㄨㄛˊ,,,,
1229,馴,ㄒㄩㄣˊ,,,,,
1230,騎,ㄐ丨ˋ,ㄑ丨ˊ,,,,
1231,騫,ㄑ丨ㄢ,,,,,
1232,驁,ㄠˊ ,,,,,
1233,驏,ㄓㄢˋ,,,,,
1234,骨,ㄍㄨ,ㄍㄨˇ,ㄍㄨˊ,,,
1235,骯,ㄤ,,,,,
1236,髒,ㄗㄤ,,,,,
1237,髻,ㄐ丨ˋ,,,,,
1238,鬲,ㄌ丨ˋ,ㄍㄜˊ,,,,
1239,鬻,ㄩˋ,,,,,
1240,魄,ㄆㄛˋ,ㄊㄨㄛˋ,,,,
1241,魏,ㄨㄟˋ,,,,,
1242,魟,ㄏㄨㄥ,ㄍㄨㄥ,,,,
1243,鮮,ㄒ丨ㄢ,ㄒ丨ㄢˇ,,,,
1244,鮭,ㄍㄨㄟ,ㄒ丨ㄝˊ ,,,,
1245,鯈,ㄔㄡˊ,,,,,
1246,鯖,ㄑ丨ㄥ,,,,,
1247,鰓,ㄒ丨ˇ,ㄙㄞ,,,,
1248,鱖,ㄍㄨㄟˋ,,,,,
1249,鱣,ㄓㄢ,ㄕㄢˋ,,,,
1250,鳥,ㄋ丨ㄠˇ,,,,,
1251,鴝,ㄍㄡ,ㄑㄩˊ ,,,,
1252,鵠,ㄍㄨˇ,ㄏㄨˊ,,,,
1253,鵲,ㄑㄩㄝˋ,,,,,
1254,鶩,ㄨˋ,,,,,
1255,鶴,ㄏㄜˋ,,,,,
1256,鹽,丨ㄢˊ,丨ㄢˋ,,,,
1257,麗,ㄌ丨ˊ,ㄌ丨ˋ,,,,
1258,麥,ㄇㄞˋ,,,,,
1259,麼,ㄇㄛˊ,ㄇㄚˊ,˙ㄇㄜ,,,
1260,黑,ㄏㄟ,,,,,
1261,齊,ㄐ丨ˋ,ㄑ丨ˊ,ㄗ,,,
1262,齦,丨ㄣˊ,,,,,
1263,龜,ㄍㄨㄟ,ㄐㄩㄣ,ㄑ丨ㄡ,,,
